<publishData>
  <publishTarget publishUrl="C:\Documents and Settings\Rahul.Saxena\Desktop\PUBLISH\GDU\Service\">
    <file relUrl="bin/AmericanExpress.GDU.Service.MessageContracts.pdb" publishTime="07/03/2013 10:49:18" />
    <file relUrl="bin/AmericanExpress.GDU.Util.DataAccessHelper.dll" publishTime="07/03/2013 10:49:18" />
    <file relUrl="bin/.svn/prop-base/AmericanExpress.GDU.Utilities.DependencyInjector.dll.svn-base" publishTime="11/06/2012 11:51:46" />
    <file relUrl="bin/.svn/text-base/AmericanExpress.GDU.BusinessEntities.pdb.svn-base" publishTime="11/14/2012 10:41:12" />
    <file relUrl="bin/.svn/text-base/AmericanExpress.GDU.Utilities.Diagnostics.dll.svn-base" publishTime="11/14/2012 10:39:53" />
    <file relUrl="bin/.svn/prop-base/AmericanExpress.GDU.BusinessLogic.dll.svn-base" publishTime="11/06/2012 11:51:45" />
    <file relUrl="bin/.svn/prop-base/AmericanExpress.GDU.BusinessInterface.pdb.svn-base" publishTime="11/06/2012 11:51:45" />
    <file relUrl="Service.svc" publishTime="08/30/2012 12:24:14" />
    <file relUrl="bin/.svn/prop-base/AmericanExpress.Util.Logging.dll.svn-base" publishTime="11/06/2012 11:51:47" />
    <file relUrl="bin/AmericanExpress.GDU.Service.ServiceImplimentation.pdb" publishTime="07/03/2013 10:49:37" />
    <file relUrl="bin/.svn/text-base/AmericanExpress.GDU.Service.MessageContracts.pdb.svn-base" publishTime="11/14/2012 10:39:20" />
    <file relUrl="bin/AmericanExpress.GDU.Utilities.Diagnostics.dll" publishTime="07/03/2013 10:49:17" />
    <file relUrl="bin/.svn/text-base/AmericanExpress.GDU.Util.DataAccessHelper.dll.svn-base" publishTime="11/14/2012 10:39:46" />
    <file relUrl="bin/.svn/prop-base/AmericanExpress.GDU.Service.MessageContracts.dll.svn-base" publishTime="11/06/2012 11:51:46" />
    <file relUrl="bin/.svn/all-wcprops" publishTime="11/14/2012 10:42:19" />
    <file relUrl="bin/.svn/prop-base/AmericanExpress.GDU.GDUService.pdb.svn-base" publishTime="11/02/2012 14:50:08" />
    <file relUrl="bin/.svn/text-base/AmericanExpress.Util.Logging.dll.svn-base" publishTime="11/06/2012 11:53:19" />
    <file relUrl="bin/.svn/prop-base/AmericanExpress.GDU.Service.DataContracts.dll.svn-base" publishTime="11/06/2012 11:51:45" />
    <file relUrl="bin/.svn/prop-base/AmericanExpress.GDU.Utilities.Diagnostics.pdb.svn-base" publishTime="11/06/2012 11:51:46" />
    <file relUrl="bin/.svn/text-base/AmericanExpress.GDU.Utilities.DependencyInjector.pdb.svn-base" publishTime="11/14/2012 10:41:27" />
    <file relUrl="bin/AmericanExpress.GDU.Util.DataAccessHelper.pdb" publishTime="07/03/2013 10:49:18" />
    <file relUrl="bin/.svn/text-base/AmericanExpress.GDU.Service.ServiceImplimentation.pdb.svn-base" publishTime="11/14/2012 10:40:04" />
    <file relUrl="bin/.svn/text-base/AmericanExpress.GDU.Utilities.ExceptionMgmt.dll.svn-base" publishTime="11/14/2012 10:40:36" />
    <file relUrl="bin/AmericanExpress.Util.RDBMSServices.dll" publishTime="10/28/2010 13:09:24" />
    <file relUrl="bin/.svn/prop-base/AmericanExpress.GDU.Utilities.ExceptionMgmt.dll.svn-base" publishTime="11/06/2012 11:51:46" />
    <file relUrl="bin/AmericanExpress.GDU.BusinessEntities.dll" publishTime="07/03/2013 10:49:16" />
    <file relUrl="bin/AmericanExpress.GDU.Utilities.DependencyInjector.pdb" publishTime="07/03/2013 10:49:22" />
    <file relUrl="bin/.svn/text-base/AmericanExpress.GDU.Utilities.Diagnostics.pdb.svn-base" publishTime="11/14/2012 10:39:50" />
    <file relUrl="bin/.svn/prop-base/AmericanExpress.GDU.Utilities.ExceptionMgmt.pdb.svn-base" publishTime="11/06/2012 11:51:47" />
    <file relUrl="bin/AmericanExpress.Util.Logging.dll" publishTime="10/28/2010 13:09:24" />
    <file relUrl="bin/AmericanExpress.GDU.Service.DataContracts.dll" publishTime="07/02/2013 21:38:39" />
    <file relUrl="bin/.svn/prop-base/AmericanExpress.GDU.Service.ServiceImplimentation.dll.svn-base" publishTime="11/06/2012 11:51:46" />
    <file relUrl="bin/.svn/text-base/AmericanExpress.GDU.Utilities.ExceptionMgmt.pdb.svn-base" publishTime="11/14/2012 10:40:34" />
    <file relUrl="bin/.svn/text-base/AmericanExpress.GDU.Service.DataContracts.dll.svn-base" publishTime="11/14/2012 10:40:17" />
    <file relUrl="bin/.svn/text-base/AmericanExpress.GDU.Service.ServiceContract.pdb.svn-base" publishTime="11/14/2012 10:39:16" />
    <file relUrl="bin/AmericanExpress.GDU.BusinessInterface.dll" publishTime="07/03/2013 10:49:21" />
    <file relUrl="bin/.svn/prop-base/AmericanExpress.GDU.Util.DBSchemaHelper.pdb.svn-base" publishTime="11/02/2012 14:50:07" />
    <file relUrl="bin/AmericanExpress.Util.CommonUtilities.dll" publishTime="10/28/2010 13:09:24" />
    <file relUrl="bin/.svn/prop-base/AmericanExpress.GDU.BusinessEntities.pdb.svn-base" publishTime="11/06/2012 11:51:45" />
    <file relUrl="bin/AmericanExpress.GDU.BusinessLogic.dll" publishTime="07/03/2013 10:49:29" />
    <file relUrl="bin/.svn/prop-base/AmericanExpress.GDU.Service.MessageContracts.pdb.svn-base" publishTime="11/06/2012 11:51:46" />
    <file relUrl="bin/AmericanExpress.GDU.BusinessEntities.pdb" publishTime="07/03/2013 10:49:16" />
    <file relUrl="bin/AmericanExpress.GDU.Service.DataContracts.pdb" publishTime="07/02/2013 21:38:39" />
    <file relUrl="bin/AmericanExpress.GDU.Util.DBSchemaHelper.dll" publishTime="07/02/2013 21:38:41" />
    <file relUrl="bin/AmericanExpress.GDU.Utilities.ExceptionMgmt.pdb" publishTime="07/03/2013 10:49:20" />
    <file relUrl="bin/AmericanExpress.GDU.Utilities.DependencyInjector.dll" publishTime="07/03/2013 10:49:22" />
    <file relUrl="bin/.svn/text-base/AmericanExpress.Util.CommonUtilities.dll.svn-base" publishTime="11/06/2012 11:53:17" />
    <file relUrl="bin/AmericanExpress.GDU.BusinessInterface.pdb" publishTime="07/03/2013 10:49:21" />
    <file relUrl="bin/.svn/prop-base/AmericanExpress.GDU.GDUService.dll.svn-base" publishTime="11/02/2012 14:50:03" />
    <file relUrl="bin/.svn/prop-base/AmericanExpress.Util.RDBMSServices.dll.svn-base" publishTime="10/15/2012 12:25:44" />
    <file relUrl="bin/.svn/prop-base/AmericanExpress.GDU.BusinessLogic.pdb.svn-base" publishTime="11/06/2012 11:51:45" />
    <file relUrl="bin/.svn/prop-base/AmericanExpress.Util.CommonUtilities.dll.svn-base" publishTime="11/06/2012 11:51:47" />
    <file relUrl="bin/.svn/text-base/AmericanExpress.GDU.Service.ServiceImplimentation.dll.svn-base" publishTime="11/14/2012 10:40:07" />
    <file relUrl="bin/.svn/text-base/AmericanExpress.GDU.BusinessInterface.dll.svn-base" publishTime="11/14/2012 10:39:30" />
    <file relUrl="bin/.svn/prop-base/AmericanExpress.GDU.Service.ServiceContract.dll.svn-base" publishTime="11/06/2012 11:51:46" />
    <file relUrl="bin/.svn/prop-base/AmericanExpress.GDU.Service.ServiceContract.pdb.svn-base" publishTime="11/06/2012 11:51:46" />
    <file relUrl="bin/AmericanExpress.GDU.Util.DBSchemaHelper.pdb" publishTime="07/02/2013 21:38:41" />
    <file relUrl="bin/.svn/text-base/AmericanExpress.GDU.Util.DBSchemaHelper.pdb.svn-base" publishTime="11/14/2012 10:40:41" />
    <file relUrl="bin/.svn/text-base/AmericanExpress.GDU.Service.ServiceContract.dll.svn-base" publishTime="11/14/2012 10:39:18" />
    <file relUrl="bin/.svn/text-base/AmericanExpress.GDU.GDUService.dll.svn-base" publishTime="11/14/2012 10:40:23" />
    <file relUrl="bin/.svn/text-base/AmericanExpress.GDU.BusinessEntities.dll.svn-base" publishTime="11/14/2012 10:41:14" />
    <file relUrl="bin/.svn/prop-base/AmericanExpress.GDU.Utilities.Diagnostics.dll.svn-base" publishTime="11/06/2012 11:51:46" />
    <file relUrl="bin/AmericanExpress.GDU.BusinessLogic.pdb" publishTime="07/03/2013 10:49:29" />
    <file relUrl="bin/.svn/text-base/AmericanExpress.GDU.BusinessInterface.pdb.svn-base" publishTime="11/14/2012 10:39:24" />
    <file relUrl="bin/.svn/prop-base/AmericanExpress.GDU.Util.DataAccessHelper.dll.svn-base" publishTime="11/02/2012 14:50:06" />
    <file relUrl="bin/.svn/text-base/AmericanExpress.GDU.Service.DataContracts.pdb.svn-base" publishTime="11/14/2012 10:40:15" />
    <file relUrl="bin/.svn/text-base/AmericanExpress.GDU.Util.DataAccessHelper.pdb.svn-base" publishTime="11/14/2012 10:39:43" />
    <file relUrl="bin/AmericanExpress.GDU.Utilities.ExceptionMgmt.dll" publishTime="07/03/2013 10:49:20" />
    <file relUrl="bin/AmericanExpress.GDU.Service.ServiceImplimentation.dll" publishTime="07/03/2013 10:49:37" />
    <file relUrl="bin/.svn/text-base/AmericanExpress.GDU.BusinessLogic.dll.svn-base" publishTime="11/14/2012 10:39:47" />
    <file relUrl="bin/.svn/entries" publishTime="11/14/2012 10:42:19" />
    <file relUrl="bin/.svn/prop-base/AmericanExpress.GDU.Util.DBSchemaHelper.dll.svn-base" publishTime="11/02/2012 14:50:07" />
    <file relUrl="bin/.svn/prop-base/AmericanExpress.GDU.Service.ServiceImplimentation.pdb.svn-base" publishTime="11/06/2012 11:51:46" />
    <file relUrl="bin/AmericanExpress.GDU.Service.MessageContracts.dll" publishTime="07/03/2013 10:49:18" />
    <file relUrl="bin/.svn/text-base/AmericanExpress.GDU.Service.MessageContracts.dll.svn-base" publishTime="11/14/2012 10:39:21" />
    <file relUrl="bin/.svn/prop-base/AmericanExpress.GDU.BusinessInterface.dll.svn-base" publishTime="11/06/2012 11:51:45" />
    <file relUrl="bin/.svn/text-base/AmericanExpress.GDU.BusinessLogic.pdb.svn-base" publishTime="11/14/2012 10:39:45" />
    <file relUrl="bin/.svn/prop-base/AmericanExpress.GDU.BusinessEntities.dll.svn-base" publishTime="11/06/2012 11:51:45" />
    <file relUrl="bin/.svn/text-base/AmericanExpress.Util.RDBMSServices.dll.svn-base" publishTime="10/15/2012 13:36:47" />
    <file relUrl="bin/.svn/text-base/AmericanExpress.GDU.GDUService.pdb.svn-base" publishTime="11/14/2012 10:40:19" />
    <file relUrl="bin/.svn/prop-base/AmericanExpress.GDU.Utilities.DependencyInjector.pdb.svn-base" publishTime="11/06/2012 11:51:46" />
    <file relUrl="bin/.svn/prop-base/AmericanExpress.GDU.Util.DataAccessHelper.pdb.svn-base" publishTime="11/02/2012 14:50:03" />
    <file relUrl="bin/.svn/prop-base/AmericanExpress.GDU.Service.DataContracts.pdb.svn-base" publishTime="11/06/2012 11:51:45" />
    <file relUrl="bin/AmericanExpress.GDU.GDUService.pdb" publishTime="07/03/2013 10:50:10" />
    <file relUrl="bin/.svn/text-base/AmericanExpress.GDU.Util.DBSchemaHelper.dll.svn-base" publishTime="11/14/2012 10:40:43" />
    <file relUrl="bin/AmericanExpress.GDU.Service.ServiceContract.dll" publishTime="07/03/2013 10:49:19" />
    <file relUrl="bin/AmericanExpress.GDU.GDUService.dll" publishTime="07/03/2013 10:50:10" />
    <file relUrl="bin/AmericanExpress.GDU.Service.ServiceContract.pdb" publishTime="07/03/2013 10:49:19" />
    <file relUrl="bin/.svn/text-base/AmericanExpress.GDU.Utilities.DependencyInjector.dll.svn-base" publishTime="11/14/2012 10:38:52" />
    <file relUrl="bin/AmericanExpress.GDU.Utilities.Diagnostics.pdb" publishTime="07/03/2013 10:49:17" />
    <file relUrl="Web.config" publishTime="06/10/2013 11:42:13" />
  </publishTarget>
  <publishTarget publishUrl="C:\Documents and Settings\Rahul.Saxena\Desktop\PUBLISH\Service\">
    <file relUrl="bin/AmericanExpress.GDU.Service.MessageContracts.pdb" publishTime="10/17/2012 11:35:27" />
    <file relUrl="bin/AmericanExpress.GDU.Util.DataAccessHelper.dll" publishTime="10/23/2012 12:54:14" />
    <file relUrl="bin/.svn/prop-base/AmericanExpress.GDU.Utilities.DependencyInjector.dll.svn-base" publishTime="10/15/2012 12:25:43" />
    <file relUrl="bin/.svn/text-base/AmericanExpress.GDU.BusinessEntities.pdb.svn-base" publishTime="10/23/2012 12:48:14" />
    <file relUrl="bin/.svn/text-base/AmericanExpress.GDU.Utilities.Diagnostics.dll.svn-base" publishTime="10/23/2012 12:47:20" />
    <file relUrl="bin/.svn/prop-base/AmericanExpress.GDU.BusinessLogic.dll.svn-base" publishTime="10/15/2012 12:25:40" />
    <file relUrl="bin/.svn/prop-base/AmericanExpress.GDU.BusinessInterface.pdb.svn-base" publishTime="10/15/2012 12:25:40" />
    <file relUrl="Service.svc" publishTime="08/30/2012 12:24:14" />
    <file relUrl="bin/.svn/prop-base/AmericanExpress.Util.Logging.dll.svn-base" publishTime="10/15/2012 12:25:44" />
    <file relUrl="bin/AmericanExpress.GDU.Service.ServiceImplimentation.pdb" publishTime="10/23/2012 12:55:33" />
    <file relUrl="bin/.svn/text-base/AmericanExpress.GDU.Service.MessageContracts.pdb.svn-base" publishTime="10/23/2012 12:46:50" />
    <file relUrl="bin/AmericanExpress.GDU.Utilities.Diagnostics.dll" publishTime="10/23/2012 12:54:12" />
    <file relUrl="bin/.svn/text-base/AmericanExpress.GDU.Util.DataAccessHelper.dll.svn-base" publishTime="10/23/2012 12:47:16" />
    <file relUrl="bin/.svn/prop-base/AmericanExpress.GDU.Service.MessageContracts.dll.svn-base" publishTime="10/15/2012 12:25:41" />
    <file relUrl="bin/.svn/all-wcprops" publishTime="10/23/2012 12:49:29" />
    <file relUrl="bin/.svn/prop-base/AmericanExpress.GDU.GDUService.pdb.svn-base" publishTime="10/15/2012 12:25:41" />
    <file relUrl="bin/.svn/text-base/AmericanExpress.Util.Logging.dll.svn-base" publishTime="10/15/2012 13:06:09" />
    <file relUrl="bin/.svn/prop-base/AmericanExpress.GDU.Service.DataContracts.dll.svn-base" publishTime="10/15/2012 12:25:41" />
    <file relUrl="bin/.svn/prop-base/AmericanExpress.GDU.Utilities.Diagnostics.pdb.svn-base" publishTime="10/15/2012 12:25:43" />
    <file relUrl="bin/.svn/text-base/AmericanExpress.GDU.Utilities.DependencyInjector.pdb.svn-base" publishTime="10/23/2012 12:48:26" />
    <file relUrl="bin/AmericanExpress.GDU.Util.DataAccessHelper.pdb" publishTime="10/23/2012 12:54:13" />
    <file relUrl="bin/.svn/text-base/AmericanExpress.GDU.Service.ServiceImplimentation.pdb.svn-base" publishTime="10/23/2012 12:47:27" />
    <file relUrl="bin/.svn/text-base/AmericanExpress.GDU.Utilities.ExceptionMgmt.dll.svn-base" publishTime="10/23/2012 12:47:54" />
    <file relUrl="bin/AmericanExpress.Util.RDBMSServices.dll" publishTime="10/28/2010 13:09:24" />
    <file relUrl="bin/.svn/prop-base/AmericanExpress.GDU.Utilities.ExceptionMgmt.dll.svn-base" publishTime="10/15/2012 12:25:43" />
    <file relUrl="bin/AmericanExpress.GDU.BusinessEntities.dll" publishTime="10/23/2012 12:54:11" />
    <file relUrl="bin/AmericanExpress.GDU.Utilities.DependencyInjector.pdb" publishTime="10/23/2012 12:54:14" />
    <file relUrl="bin/.svn/text-base/AmericanExpress.GDU.Utilities.Diagnostics.pdb.svn-base" publishTime="10/23/2012 12:47:19" />
    <file relUrl="bin/.svn/prop-base/AmericanExpress.GDU.Utilities.ExceptionMgmt.pdb.svn-base" publishTime="10/15/2012 12:25:43" />
    <file relUrl="bin/AmericanExpress.Util.Logging.dll" publishTime="10/28/2010 13:10:06" />
    <file relUrl="bin/AmericanExpress.GDU.Service.DataContracts.dll" publishTime="10/17/2012 11:35:23" />
    <file relUrl="bin/.svn/prop-base/AmericanExpress.GDU.Service.ServiceImplimentation.dll.svn-base" publishTime="10/15/2012 12:25:42" />
    <file relUrl="bin/.svn/text-base/AmericanExpress.GDU.Utilities.ExceptionMgmt.pdb.svn-base" publishTime="10/23/2012 12:47:51" />
    <file relUrl="bin/.svn/text-base/AmericanExpress.GDU.Service.DataContracts.dll.svn-base" publishTime="10/23/2012 12:47:42" />
    <file relUrl="bin/.svn/text-base/AmericanExpress.GDU.Service.ServiceContract.pdb.svn-base" publishTime="10/23/2012 12:46:46" />
    <file relUrl="bin/AmericanExpress.GDU.BusinessInterface.dll" publishTime="10/23/2012 12:54:15" />
    <file relUrl="bin/.svn/prop-base/AmericanExpress.GDU.Util.DBSchemaHelper.pdb.svn-base" publishTime="10/15/2012 12:25:43" />
    <file relUrl="bin/AmericanExpress.Util.CommonUtilities.dll" publishTime="10/28/2010 13:09:24" />
    <file relUrl="bin/.svn/prop-base/AmericanExpress.GDU.BusinessEntities.pdb.svn-base" publishTime="10/15/2012 12:25:40" />
    <file relUrl="bin/AmericanExpress.GDU.BusinessLogic.dll" publishTime="10/23/2012 12:55:09" />
    <file relUrl="bin/.svn/prop-base/AmericanExpress.GDU.Service.MessageContracts.pdb.svn-base" publishTime="10/15/2012 12:25:41" />
    <file relUrl="bin/AmericanExpress.GDU.BusinessEntities.pdb" publishTime="10/23/2012 12:54:11" />
    <file relUrl="bin/AmericanExpress.GDU.Service.DataContracts.pdb" publishTime="10/17/2012 11:35:23" />
    <file relUrl="bin/AmericanExpress.GDU.Util.DBSchemaHelper.dll" publishTime="10/23/2012 12:55:06" />
    <file relUrl="bin/AmericanExpress.GDU.Utilities.ExceptionMgmt.pdb" publishTime="10/23/2012 12:54:16" />
    <file relUrl="bin/AmericanExpress.GDU.Utilities.DependencyInjector.dll" publishTime="10/23/2012 12:54:14" />
    <file relUrl="bin/.svn/text-base/AmericanExpress.Util.CommonUtilities.dll.svn-base" publishTime="10/15/2012 12:39:29" />
    <file relUrl="bin/AmericanExpress.GDU.BusinessInterface.pdb" publishTime="10/23/2012 12:54:15" />
    <file relUrl="bin/.svn/prop-base/AmericanExpress.GDU.GDUService.dll.svn-base" publishTime="10/15/2012 12:25:41" />
    <file relUrl="bin/.svn/prop-base/AmericanExpress.Util.RDBMSServices.dll.svn-base" publishTime="10/15/2012 12:25:44" />
    <file relUrl="bin/.svn/prop-base/AmericanExpress.GDU.BusinessLogic.pdb.svn-base" publishTime="10/15/2012 12:25:40" />
    <file relUrl="bin/.svn/prop-base/AmericanExpress.Util.CommonUtilities.dll.svn-base" publishTime="10/15/2012 12:25:44" />
    <file relUrl="bin/.svn/text-base/AmericanExpress.GDU.Service.ServiceImplimentation.dll.svn-base" publishTime="10/23/2012 12:47:31" />
    <file relUrl="bin/.svn/text-base/AmericanExpress.GDU.BusinessInterface.dll.svn-base" publishTime="10/23/2012 12:47:01" />
    <file relUrl="bin/.svn/prop-base/AmericanExpress.GDU.Service.ServiceContract.dll.svn-base" publishTime="10/15/2012 12:25:41" />
    <file relUrl="bin/.svn/prop-base/AmericanExpress.GDU.Service.ServiceContract.pdb.svn-base" publishTime="10/15/2012 12:25:41" />
    <file relUrl="bin/AmericanExpress.GDU.Util.DBSchemaHelper.pdb" publishTime="10/23/2012 12:55:06" />
    <file relUrl="bin/.svn/text-base/AmericanExpress.GDU.Util.DBSchemaHelper.pdb.svn-base" publishTime="10/23/2012 12:47:56" />
    <file relUrl="bin/.svn/text-base/AmericanExpress.GDU.Service.ServiceContract.dll.svn-base" publishTime="10/23/2012 12:46:49" />
    <file relUrl="bin/.svn/text-base/AmericanExpress.GDU.GDUService.dll.svn-base" publishTime="10/23/2012 12:47:45" />
    <file relUrl="bin/.svn/text-base/AmericanExpress.GDU.BusinessEntities.dll.svn-base" publishTime="10/23/2012 12:48:17" />
    <file relUrl="bin/.svn/prop-base/AmericanExpress.GDU.Utilities.Diagnostics.dll.svn-base" publishTime="10/15/2012 12:25:43" />
    <file relUrl="bin/AmericanExpress.GDU.BusinessLogic.pdb" publishTime="10/23/2012 12:55:09" />
    <file relUrl="bin/.svn/text-base/AmericanExpress.GDU.BusinessInterface.pdb.svn-base" publishTime="10/23/2012 12:46:53" />
    <file relUrl="bin/.svn/prop-base/AmericanExpress.GDU.Util.DataAccessHelper.dll.svn-base" publishTime="10/15/2012 12:25:42" />
    <file relUrl="bin/.svn/text-base/AmericanExpress.GDU.Service.DataContracts.pdb.svn-base" publishTime="10/23/2012 12:47:38" />
    <file relUrl="bin/.svn/text-base/AmericanExpress.GDU.Util.DataAccessHelper.pdb.svn-base" publishTime="10/23/2012 12:47:13" />
    <file relUrl="bin/AmericanExpress.GDU.Utilities.ExceptionMgmt.dll" publishTime="10/23/2012 12:54:17" />
    <file relUrl="bin/AmericanExpress.GDU.Service.ServiceImplimentation.dll" publishTime="10/23/2012 12:55:33" />
    <file relUrl="bin/.svn/text-base/AmericanExpress.GDU.BusinessLogic.dll.svn-base" publishTime="10/23/2012 12:47:18" />
    <file relUrl="bin/.svn/entries" publishTime="10/23/2012 12:49:29" />
    <file relUrl="bin/AmericanExpress.GDU.GDUService.dll" publishTime="10/23/2012 13:03:11" />
    <file relUrl="bin/.svn/prop-base/AmericanExpress.GDU.Util.DBSchemaHelper.dll.svn-base" publishTime="10/15/2012 12:25:43" />
    <file relUrl="bin/.svn/prop-base/AmericanExpress.GDU.Service.ServiceImplimentation.pdb.svn-base" publishTime="10/15/2012 12:25:42" />
    <file relUrl="bin/AmericanExpress.GDU.Service.MessageContracts.dll" publishTime="10/17/2012 11:35:27" />
    <file relUrl="bin/.svn/text-base/AmericanExpress.GDU.Service.MessageContracts.dll.svn-base" publishTime="10/23/2012 12:46:53" />
    <file relUrl="bin/.svn/prop-base/AmericanExpress.GDU.BusinessInterface.dll.svn-base" publishTime="10/15/2012 12:25:40" />
    <file relUrl="bin/.svn/text-base/AmericanExpress.GDU.BusinessLogic.pdb.svn-base" publishTime="10/23/2012 12:47:14" />
    <file relUrl="bin/.svn/prop-base/AmericanExpress.GDU.BusinessEntities.dll.svn-base" publishTime="10/15/2012 12:25:40" />
    <file relUrl="bin/.svn/text-base/AmericanExpress.Util.RDBMSServices.dll.svn-base" publishTime="10/15/2012 13:36:47" />
    <file relUrl="bin/.svn/text-base/AmericanExpress.GDU.GDUService.pdb.svn-base" publishTime="10/23/2012 12:47:42" />
    <file relUrl="bin/.svn/prop-base/AmericanExpress.GDU.Utilities.DependencyInjector.pdb.svn-base" publishTime="10/15/2012 12:25:43" />
    <file relUrl="bin/.svn/prop-base/AmericanExpress.GDU.Service.DataContracts.pdb.svn-base" publishTime="10/15/2012 12:25:41" />
    <file relUrl="bin/AmericanExpress.GDU.GDUService.pdb" publishTime="10/23/2012 13:03:11" />
    <file relUrl="bin/.svn/text-base/AmericanExpress.GDU.Util.DBSchemaHelper.dll.svn-base" publishTime="10/23/2012 12:47:57" />
    <file relUrl="bin/AmericanExpress.GDU.Service.ServiceContract.dll" publishTime="10/17/2012 11:35:40" />
    <file relUrl="bin/.svn/prop-base/AmericanExpress.GDU.Util.DataAccessHelper.pdb.svn-base" publishTime="10/15/2012 12:25:43" />
    <file relUrl="bin/AmericanExpress.GDU.Service.ServiceContract.pdb" publishTime="10/17/2012 11:35:40" />
    <file relUrl="bin/.svn/text-base/AmericanExpress.GDU.Utilities.DependencyInjector.dll.svn-base" publishTime="10/23/2012 12:46:25" />
    <file relUrl="bin/AmericanExpress.GDU.Utilities.Diagnostics.pdb" publishTime="10/23/2012 12:54:12" />
    <file relUrl="Web.config" publishTime="10/15/2012 14:42:38" />
  </publishTarget>
  <publishTarget publishUrl="C:\Documents and Settings\Rahul.Saxena\Desktop\PUBLISH_GDU\Service\">
    <file relUrl="bin/AmericanExpress.GDU.Util.DBSchemaHelper.dll" publishTime="09/19/2012 20:10:05" />
    <file relUrl="bin/AmericanExpress.GDU.BusinessEntities.pdb" publishTime="09/19/2012 20:09:58" />
    <file relUrl="bin/AmericanExpress.GDU.Util.DBSchemaHelper.pdb" publishTime="09/19/2012 20:10:05" />
    <file relUrl="bin/AmericanExpress.GDU.Util.DataAccessHelper.dll" publishTime="09/19/2012 20:09:59" />
    <file relUrl="bin/AmericanExpress.GDU.BusinessEntities.dll" publishTime="09/19/2012 20:09:58" />
    <file relUrl="bin/AmericanExpress.GDU.BusinessLogic.dll" publishTime="09/19/2012 20:10:07" />
    <file relUrl="bin/AmericanExpress.GDU.BusinessInterface.dll" publishTime="09/19/2012 20:10:01" />
    <file relUrl="Web.config" publishTime="09/05/2012 20:01:04" />
    <file relUrl="bin/AmericanExpress.Util.RDBMSServices.dll" publishTime="10/28/2010 13:09:24" />
    <file relUrl="bin/AmericanExpress.GDU.Utilities.DependencyInjector.pdb" publishTime="09/19/2012 20:10:00" />
    <file relUrl="bin/AmericanExpress.GDU.Utilities.ExceptionMgmt.pdb" publishTime="09/19/2012 20:10:01" />
    <file relUrl="bin/AmericanExpress.GDU.Service.MessageContracts.dll" publishTime="09/19/2012 20:14:58" />
    <file relUrl="bin/AmericanExpress.GDU.Service.MessageContracts.pdb" publishTime="09/19/2012 20:14:58" />
    <file relUrl="bin/AmericanExpress.GDU.Service.ServiceContract.pdb" publishTime="09/19/2012 20:15:00" />
    <file relUrl="bin/AmericanExpress.GDU.GDUService.dll" publishTime="09/24/2012 10:48:30" />
    <file relUrl="Service.svc" publishTime="08/30/2012 12:24:14" />
    <file relUrl="bin/AmericanExpress.GDU.Service.ServiceContract.dll" publishTime="09/19/2012 20:15:00" />
    <file relUrl="bin/AmericanExpress.GDU.Util.DataAccessHelper.pdb" publishTime="09/19/2012 20:09:59" />
    <file relUrl="bin/AmericanExpress.GDU.Service.DataContracts.dll" publishTime="09/19/2012 20:10:19" />
    <file relUrl="bin/AmericanExpress.GDU.Utilities.Diagnostics.dll" publishTime="09/19/2012 20:09:59" />
    <file relUrl="bin/AmericanExpress.GDU.BusinessLogic.pdb" publishTime="09/19/2012 20:10:07" />
    <file relUrl="bin/AmericanExpress.GDU.Service.ServiceImplimentation.pdb" publishTime="09/24/2012 10:47:15" />
    <file relUrl="bin/AmericanExpress.GDU.BusinessInterface.pdb" publishTime="09/19/2012 20:10:00" />
    <file relUrl="bin/AmericanExpress.GDU.Service.ServiceImplimentation.dll" publishTime="09/24/2012 10:47:15" />
    <file relUrl="bin/AmericanExpress.Util.CommonUtilities.dll" publishTime="10/28/2010 13:09:24" />
    <file relUrl="bin/AmericanExpress.GDU.Service.DataContracts.pdb" publishTime="09/19/2012 20:10:19" />
    <file relUrl="bin/AmericanExpress.Util.Logging.dll" publishTime="10/28/2010 13:10:06" />
    <file relUrl="bin/AmericanExpress.GDU.Utilities.Diagnostics.pdb" publishTime="09/19/2012 20:09:59" />
    <file relUrl="bin/AmericanExpress.GDU.Utilities.ExceptionMgmt.dll" publishTime="09/19/2012 20:10:01" />
    <file relUrl="bin/AmericanExpress.GDU.GDUService.pdb" publishTime="09/24/2012 10:48:30" />
    <file relUrl="bin/AmericanExpress.GDU.Utilities.DependencyInjector.dll" publishTime="09/19/2012 20:10:00" />
  </publishTarget>
  <publishTarget publishUrl="C:\Documents and Settings\Rahul.Saxena\Desktop\GDU_PUBLISH\Service\">
    <file relUrl="bin/AmericanExpress.GDU.Util.DBSchemaHelper.dll" publishTime="09/07/2012 14:53:06" />
    <file relUrl="bin/AmericanExpress.GDU.BusinessEntities.pdb" publishTime="09/07/2012 14:52:58" />
    <file relUrl="bin/AmericanExpress.GDU.Util.DBSchemaHelper.pdb" publishTime="09/07/2012 14:53:06" />
    <file relUrl="bin/AmericanExpress.GDU.Util.DataAccessHelper.dll" publishTime="09/07/2012 14:52:59" />
    <file relUrl="bin/AmericanExpress.GDU.BusinessEntities.dll" publishTime="09/07/2012 14:52:58" />
    <file relUrl="bin/AmericanExpress.GDU.BusinessLogic.dll" publishTime="09/07/2012 14:53:09" />
    <file relUrl="bin/AmericanExpress.GDU.BusinessInterface.dll" publishTime="09/07/2012 14:53:01" />
    <file relUrl="Web.config" publishTime="09/05/2012 20:01:04" />
    <file relUrl="bin/AmericanExpress.Util.RDBMSServices.dll" publishTime="10/28/2010 13:09:24" />
    <file relUrl="bin/AmericanExpress.GDU.Utilities.DependencyInjector.pdb" publishTime="09/07/2012 14:53:00" />
    <file relUrl="bin/AmericanExpress.GDU.Utilities.ExceptionMgmt.pdb" publishTime="09/07/2012 14:53:02" />
    <file relUrl="bin/AmericanExpress.GDU.Service.MessageContracts.dll" publishTime="09/07/2012 14:53:08" />
    <file relUrl="bin/AmericanExpress.GDU.Service.MessageContracts.pdb" publishTime="09/07/2012 14:53:08" />
    <file relUrl="bin/AmericanExpress.GDU.Service.ServiceContract.pdb" publishTime="09/07/2012 14:53:34" />
    <file relUrl="bin/AmericanExpress.GDU.Utilities.Diagnostics.dll" publishTime="09/07/2012 14:52:58" />
    <file relUrl="Service.svc" publishTime="08/30/2012 12:24:14" />
    <file relUrl="bin/AmericanExpress.GDU.Service.ServiceContract.dll" publishTime="09/07/2012 14:53:34" />
    <file relUrl="bin/AmericanExpress.GDU.Util.DataAccessHelper.pdb" publishTime="09/07/2012 14:52:59" />
    <file relUrl="bin/AmericanExpress.GDU.Service.DataContracts.dll" publishTime="09/07/2012 14:50:58" />
    <file relUrl="bin/AmericanExpress.GDU.GDUService.dll" publishTime="09/07/2012 15:04:24" />
    <file relUrl="bin/AmericanExpress.GDU.BusinessLogic.pdb" publishTime="09/07/2012 14:53:09" />
    <file relUrl="bin/AmericanExpress.GDU.Service.ServiceImplimentation.pdb" publishTime="09/07/2012 14:54:44" />
    <file relUrl="bin/AmericanExpress.GDU.BusinessInterface.pdb" publishTime="09/07/2012 14:53:01" />
    <file relUrl="bin/AmericanExpress.GDU.Service.ServiceImplimentation.dll" publishTime="09/07/2012 14:54:45" />
    <file relUrl="bin/AmericanExpress.Util.CommonUtilities.dll" publishTime="10/28/2010 13:09:24" />
    <file relUrl="bin/AmericanExpress.GDU.Service.DataContracts.pdb" publishTime="09/07/2012 14:50:58" />
    <file relUrl="bin/AmericanExpress.Util.Logging.dll" publishTime="10/28/2010 13:10:06" />
    <file relUrl="bin/AmericanExpress.GDU.Utilities.Diagnostics.pdb" publishTime="09/07/2012 14:52:58" />
    <file relUrl="bin/AmericanExpress.GDU.Utilities.ExceptionMgmt.dll" publishTime="09/07/2012 14:53:02" />
    <file relUrl="bin/AmericanExpress.GDU.GDUService.pdb" publishTime="09/07/2012 15:04:23" />
    <file relUrl="bin/AmericanExpress.GDU.Utilities.DependencyInjector.dll" publishTime="09/07/2012 14:53:00" />
  </publishTarget>
</publishData>