﻿<?xml version="1.0" encoding="utf-8" ?>
<Menus>
  
  <Menu name="Home" id="menuHome" class="first" href="LocationMode.aspx" >
  </Menu>
  <Menu name="Master Management" id="menuMaster" class="second" href="#" STYLE="z-index: 1" >
    <Submenu style="width:126px;" href="SearchCarrier.aspx"> Carrier Master</Submenu>
    <!--<Submenu style="width:126px;" href="test1.aspx" >> Just to test</Submenu>
    <Submenu style="width:126px;" href="test2.aspx" >> Just to test1</Submenu>-->
  </Menu>
  <Menu name="Data Management"  id="menuContent" class="third" href="#" >
    <Submenu style="width:141px;" href="Reports/GWizAdminReport.aspx" > Search Content</Submenu>
    <!--<Submenu style="width:141px;" href="Reports/GWizBrokenLinkReport.aspx" > Broken Link</Submenu>-->
    <Submenu style="width:141px;" href="Reports/GWizFeedbackReport.aspx" > Feedback</Submenu>
    <!--<Submenu style="width:140px;" href="~/SavingSummary.aspx" >Sanjeev</Submenu>
    <Submenu  style="width:140px;" href="~/SavingSummary.aspx" >Neeraj</Submenu>-->
  </Menu>
  <Menu name="User Management" id="menuUser" class="fourth" href="#" >
    <Submenu style="width:131px;" href="SearchUser.aspx" > User Master</Submenu>

    <!--<Submenu style="width:140px;" href="~/SavingSummary.aspx" >Accounts With Contents</Submenu>
    <Submenu style="width:140px;" href="~/SavingSummary.aspx" >Countries With Contents</Submenu>
    <Submenu Style="width:140px;" href="~/SavingSummary.aspx" >Citys With Contents</Submenu>-->
  </Menu>
  <Menu name="UI Configuration"  id="menuConfig" class="fifth" href="#" >
    <Submenu style="width:117px;" href="AggregationRule.aspx"> Aggregation</Submenu>
    <!--<Submenu Style="width:140px;" href="~/SavingSummary.aspx" >Akshaya</Submenu>
    <Submenu Style="width:140px;" href="~/SavingSummary.aspx" >Sanjeev</Submenu>
    <Submenu  Style="width:140px;" href="~/SavingSummary.aspx" >Neeraj</Submenu>-->
  </Menu>
  <Menu name="GWiz KM" id="menuKM" class="fifth">
    <Submenu style="width:117px;" href=""> Web Client</Submenu>
    <Submenu style="width:117px;" href=""> Search Content</Submenu>
    <Submenu style="width:117px;" href=""> Collaboration</Submenu>
  </Menu>
</Menus>
